{"cameraMode":{"drawMode":0,"name":"Shaded","section":"Shading Mode"},"sceneLighting":false,"audioPlay":false,"sceneViewState":{"showFog":true,"showMaterialUpdate":false,"showSkybox":false,"showFlares":true,"showImageEffects":true,"showParticleSystems":true},"in2DMode":false,"pivot":{"x":3.5615077018737795,"y":0.6909463405609131,"z":-24.60772705078125},"rotation":{"x":0.14647139608860017,"y":0.001483652275055647,"z":-0.00021994273993186653,"w":0.9892168641090393},"size":1.4954452514648438,"orthographic":false}