{"cameraMode":{"drawMode":0,"name":"Shaded","section":"Shading Mode"},"sceneLighting":false,"audioPlay":false,"sceneViewState":{"showFog":true,"showMaterialUpdate":false,"showSkybox":false,"showFlares":true,"showImageEffects":true,"showParticleSystems":true},"in2DMode":false,"pivot":{"x":12.951150894165039,"y":-1.179971694946289,"z":17.69053840637207},"rotation":{"x":-0.197567418217659,"y":0.015288075432181359,"z":-0.003064977703616023,"w":-0.980175256729126},"size":5.63892936706543,"orthographic":false}